ФИО,Должность,Подразделение,Зарплата
Лаврентьев Фадей Ниловна,middle,dyead,19589
Васильева Будимир Ануфриевич,middle,esbec,43610
Воронцова Каллистрат Иларионовичх,junior,ghkjt,47173
Мясникова Лора Филиппович,senior,ftnzr,15694
Коновалова Клавдия Эдуардович,middle,fgyjv,23822
Сафонов Святополк Виленович,senior,zxlnp,26099
Кудряшов Оксана Ермилович,middle,dqbdh,31703
Мухин Филарет Харламович,senior,utdak,19041
Шубин Аким Димитриевич,middle,uzert,24002
Полякова Сильвестр Давыдович,senior,bopel,26735
Аксенова Эрнест Александрович,middle,agfcu,36503
Орехова Трифон Юрьевна,senior,jfgve,40353
Третьякова Никодим Олеговна,middle,wxvfi,34765
Фадеева Мир Андреевна,junior,khcmd,32197
Бирюков Натан Борисовна,middle,qgyjf,36331
Кошелева Антип Ермилович,junior,qniyh,48507
Архипов Карп Адрианович,middle,idfap,43480
Дроздова Владимир Ярославович,junior,vufoj,24288
Гуляев Анатолий Виленович,middle,coswi,26005
Ковалев Арсений Григорьевич,senior,uqige,49368
Фадеева Владлен Авдеевич,junior,ecrml,48807
Григорьева Клавдия Архипович,junior,kgtol,47946
Анисимов Фёкла Иларионовичх,middle,mzxld,25334
Маркова Ярослав Ефремович,junior,cgkzq,40265
Тетерина Татьяна Жанович,middle,aazdn,49015
Ситникова Святослав Демидович,middle,jyovr,43326
Гаврилова Стоян Васильевич,middle,fobut,34124
Кошелева Анисим Федосеевич,middle,nvhvq,23426
Гаврилова Флорентин Эдгарович,middle,ewlyf,15907
Ильина Измаил Анатольевич,middle,xalsu,28217
Селезнева Евстигней Ермилович,junior,tclac,46399
Селезнева Амос Германович,middle,lsroi,48466
Овчинников Ирина Владиславовна,senior,prgbp,16790
Дементьев Святослав Болеславовна,middle,nksxo,24168
Копылов Боян Еремеевич,junior,yacjx,22937
Гришин Макар Феликсовна,middle,tvqye,31581
Федорова Зосима Артемьевич,middle,qycyu,34034
Кудрявцева Олег Измаилович,senior,lymek,39654
Мишина Митофан Гордеевич,senior,wpbcj,20647
Родионов Антонина Ефстафьевич,senior,kgwfg,22034
Колобова Азарий Иосипович,senior,zawqq,37217
Устинова Любомир Германович,junior,bksbv,32433
Костин Фадей Бенедиктович,middle,nvzar,39038
Шашкова Панкрат Степановна,junior,lapqx,23160
Шестакова Наум Афанасьевна,junior,bkani,16085
Морозова Милан Арсеньевич,middle,chzvb,30800
Гаврилов Никодим Рудольфовна,middle,owngd,16919
Назарова Силантий Яковлевна,senior,rfrgb,47845
Марков Юлиан Константиновна,junior,xcrgw,36988
Шубина Захар Дмитриевна,senior,qyyhx,49311
Рогова Герман Богданович,junior,cxfrx,42617
Аксенов Анатолий Артемьевич,middle,wpuxn,40561
Брагин Наркис Олеговна,senior,ihsao,29201
Федосеев Прокофий Рубеновна,middle,fkpul,29394
Попова Рубен Антонович,junior,tkjjh,29975
Кошелева Ипполит Валерьянович,junior,hukes,46848
Константинов Ферапонт Виленович,junior,sognp,24066
Капустина Трофим Феликсович,middle,xgbek,31448
Никифорова Клавдия Феофанович,senior,vxgfe,44711
Игнатова Аникей Викторович,middle,rqsid,18110
Мамонтова Людмила Викторовна,middle,rmlhe,49172
Рябов Любомир Юлианович,junior,jxpeg,17505
Калинин Пантелеймон Феоктистович,junior,oocwm,20882
Доронин Павел Яковлевна,middle,emoii,28326
Гришина Валерьян Ерофеевич,middle,yicvv,18381
Гришина Будимир Романовна,junior,ouxtt,23858
Титова Арсений Игоревна,senior,rqces,36265
Капустин Авксентий Филипповна,middle,uoulb,20082
Поляков Иосиф Артемовна,middle,dntkz,27054
Исаев Василий Афанасьевна,senior,zibky,41649
Филиппова Юлия Гавриилович,middle,xylwp,23421
Терентьев Фаина Филипповна,junior,kklyz,17783
Стрелкова Авдей Дмитриевна,junior,lhecb,40745
Шубин Агап Наумовна,middle,bioxu,40473
Мельникова Полина Игоревич,middle,jzmgp,36375
Носкова Иларион Егорович,junior,iwmmg,35984
Селезнев Марфа Егоровна,senior,ttpgx,19605
Крюков Элеонора Германович,middle,rjzup,17428
Кузьмин Галина Ильясович,senior,eiryz,27769
Герасимова Евдоким Феликсович,junior,agyjw,20006
Зайцева Милан Федосьевич,middle,mtojk,26214
Фролова Пров Даниловна,junior,kbuco,48429
Нестерова Аскольд Антипович,junior,lxavy,31636
Журавлев Трифон Антипович,senior,spkmn,45421
Фролов Иосиф Аркадьевна,junior,xnqxy,42071
Пестов Афанасий Иосипович,middle,vjkxg,17480
Боброва Платон Анисимович,junior,hauhu,17608
Фролов Твердислав Даниилович,junior,sjqqj,25223
Игнатов Милица Григорьевич,senior,azayi,23354
Некрасов Стоян Феликсович,middle,fsfho,33728
Костина Боян Дорофеевич,senior,xjife,44462
Суворов Аполлон Герасимович,junior,fepjf,48664
Белов Милен Федоровна,middle,tutfa,21073
Копылова Ульян Матвеевич,junior,stdii,26281
Прохорова Фадей Игоревна,middle,svhuy,27424
Шилов Леон Натановна,middle,nmqdw,19027
Абрамов Эрнст Теймуразович,senior,qybqn,34043
Богданов Спиридон Жоресович,middle,lmxjy,36110
Котова Милован Федосеевич,junior,aoxmo,31225
Дьячкова Тит Дмитриевна,senior,zfuns,39549
